{"version": 1, "notes": "", "documentation": "\"This file is a QMK Configurator export. You can import this at <https://config.qmk.fm>. It can also be used directly with QMK's source code.\n\nTo setup your QMK environment check out the tutorial: <https://docs.qmk.fm/#/newbs>\n\nYou can convert this file to a keymap.c using this command: `qmk json2c {keymap}`\n\nYou can compile this keymap using this command: `qmk compile {keymap}`\"\n", "keyboard": "crkbd/rev1", "keymap": "version1", "layout": "LAYOUT_split_3x6_3", "layers": [["KC_TAB", "KC_Q", "KC_W", "KC_E", "KC_R", "KC_T", "KC_Y", "KC_U", "KC_I", "KC_O", "KC_P", "KC_BSPC", "QK_GESC", "KC_A", "KC_S", "KC_D", "KC_F", "KC_G", "KC_H", "KC_J", "KC_K", "KC_L", "KC_SCLN", "KC_ENT", "KC_LSFT", "KC_Z", "KC_X", "KC_C", "KC_V", "KC_B", "KC_N", "KC_M", "KC_COMM", "KC_DOT", "KC_SLSH", "KC_RSFT", "KC_LGUI", "MO(2)", "KC_LCTL", "KC_SPC", "MO(1)", "KC_RALT"], ["KC_TAB", "KC_1", "KC_2", "KC_3", "KC_4", "KC_5", "KC_6", "KC_7", "KC_8", "KC_9", "KC_0", "KC_DEL", "QK_GESC", "KC_BRID", "KC_BRIU", "KC_NO", "KC_NO", "KC_NO", "KC_LEFT", "KC_DOWN", "KC_UP", "KC_RGHT", "KC_QUOT", "KC_ENT", "KC_LSFT", "KC_NO", "KC_NO", "KC_NO", "KC_NO", "KC_NO", "KC_MRWD", "KC_MPLY", "KC_MFFD", "KC_VOLD", "KC_VOLU", "KC_RSFT", "KC_LGUI", "MO(3)", "KC_LCTL", "KC_SPC", "KC_TRNS", "KC_RALT"], ["KC_TAB", "KC_EXLM", "KC_AT", "KC_HASH", "KC_DLR", "KC_PERC", "KC_CIRC", "KC_AMPR", "KC_ASTR", "KC_LPRN", "KC_RPRN", "KC_BSPC", "KC_ESC", "KC_GRV", "KC_NO", "KC_NO", "KC_NO", "KC_NO", "KC_GRV", "KC_MINS", "KC_EQL", "KC_LBRC", "KC_RBRC", "KC_BSLS", "KC_LSFT", "KC_NO", "KC_NO", "KC_NO", "KC_NO", "KC_NO", "KC_NO", "KC_NO", "KC_PIPE", "KC_NO", "KC_NO", "KC_RSFT", "KC_LGUI", "KC_TRNS", "KC_LCTL", "KC_BSPC", "MO(3)", "KC_RALT"], ["KC_ESC", "RGB_TOG", "KC_NO", "KC_NO", "KC_NO", "KC_NO", "KC_NO", "KC_NO", "KC_NO", "KC_NO", "KC_NO", "KC_NO", "KC_CAPS", "RGB_MOD", "RGB_HUI", "RGB_SAI", "RGB_VAI", "KC_NO", "KC_NO", "KC_NO", "KC_NO", "KC_NO", "KC_NO", "KC_NO", "KC_NO", "KC_NO", "RGB_HUD", "RGB_SAD", "RGB_VAD", "KC_NO", "KC_NO", "KC_NO", "KC_NO", "KC_NO", "KC_NO", "KC_NO", "KC_LGUI", "KC_TRNS", "KC_LCTL", "KC_SPC", "KC_TRNS", "KC_RALT"]], "author": ""}
